{"cameraMode":{"drawMode":0,"name":"Shaded","section":"Shading Mode"},"sceneLighting":true,"audioPlay":false,"sceneViewState":{"showFog":true,"showMaterialUpdate":false,"showSkybox":true,"showFlares":true,"showImageEffects":true,"showParticleSystems":true},"in2DMode":false,"pivot":{"x":8.016088485717774,"y":5.739097595214844,"z":9.430904388427735},"rotation":{"x":-0.0403260700404644,"y":0.08986774832010269,"z":-0.0036268755793571474,"w":-0.9951510429382324},"size":11.76789379119873,"orthographic":false}