{"cameraMode":{"drawMode":0,"name":"Shaded","section":"Shading Mode"},"sceneLighting":true,"audioPlay":false,"sceneViewState":{"showFog":true,"showMaterialUpdate":false,"showSkybox":true,"showFlares":true,"showImageEffects":true,"showParticleSystems":true},"in2DMode":false,"pivot":{"x":2.639603614807129,"y":-2.7132105827331545,"z":7.508947849273682},"rotation":{"x":0.27156633138656618,"y":0.5745198726654053,"z":-0.20997585356235505,"w":0.7430406808853149},"size":11.027402877807618,"orthographic":false}